[
    {
        "id": 1,
        "name":"北京市"
    },
    {
        "id": 2,
        "name":"天津市"
    },
    {
        "id": 3,
        "name":"河北省"
    },
    {
        "id": 4,
        "name":"北京市1"
    },
    {
        "id": 5,
        "name":"天津市1"
    },
    {
        "id": 6,
        "name":"河北省1"
    },
    {
        "id": 7,
        "name":"北京市2"
    },
    {
        "id": 8,
        "name":"天津市2"
    },
    {
        "id": 9,
        "name":"河北省2"
    }
]

[
    {
        "id": 111,
        "name":"东华门街道"
    },
    {
        "id": 112,
        "name":"东四街道"
    },
    {
        "id": 113,
        "name":"东直门街道"
    }，
    {
        "id": 114,
        "name":"东华门街道"
    },
    {
        "id": 115,
        "name":"东直"
    }
]




[
    {
        "id": 61,
        "name":"6北京市"
    },
    {
        "id": 62,
        "name":"6天津市"
    },
    {
        "id": 63,
        "name":"6河北省"
    },
    {
        "id": 64,
        "name":"6北京市1"
    },
    {
        "id": 65,
        "name":"6天津市1"
    },
    {
        "id": 66,
        "name":"6河北省1"
    },
    {
        "id": 667,
        "name":"6北京市2"
    },
    {
        "id": 68,
        "name":"6天津市2"
    },
    {
        "id": 69,
        "name":"6河北省2"
    },
    {
        "id": 610,
        "name":"6天津市2"
    },
    {
        "id": 611,
        "name":"6河北省2"
    },
    {
        "id": 612,
        "name":"6天津市2"
    },
    {
        "id": 613,
        "name":"6河北省2"
    }
]

[
    {
        "id": 6121,
        "name":"612北京市"
    },
    {
        "id": 6122,
        "name":"612天津市"
    },
    {
        "id": 6123,
        "name":"612河北省"
    },
    {
        "id": 6124,
        "name":"612北京市1"
    },
    {
        "id": 6125,
        "name":"612天津市1"
    },
    {
        "id": 612,
        "name":"612河北省1"
    },
    {
        "id": 6127,
        "name":"612北京市2"
    },
    {
        "id": 6128,
        "name":"612天津市2"
    },
    {
        "id": 6129,
        "name":"612河北省2"
    },
    {
        "id": 61210,
        "name":"612天津市2"
    },
    {
        "id": 61211,
        "name":"612河北省2"
    },
    {
        "id": 61212,
        "name":"612天津市2"
    },
    {
        "id": 61213,
        "name":"612河北省2"
    }
]